<component name="ProjectRunConfigurationManager">
  <configuration default="false" name="RegressionTests" type="ShConfigurationType">
    <option name="SCRIPT_TEXT" value="" />
    <option name="INDEPENDENT_SCRIPT_PATH" value="true" />
    <option name="SCRIPT_PATH" value="$PROJECT_DIR$/v2/cmd/functional-test/run.sh" />
    <option name="SCRIPT_OPTIONS" value="" />
    <option name="INDEPENDENT_SCRIPT_WORKING_DIRECTORY" value="true" />
    <option name="SCRIPT_WORKING_DIRECTORY" value="$PROJECT_DIR$/v2/cmd/functional-test/" />
    <option name="INDEPENDENT_INTERPRETER_PATH" value="true" />
    <option name="INTERPRETER_PATH" value="/bin/zsh" />
    <option name="INTERPRETER_OPTIONS" value="" />
    <option name="EXECUTE_IN_TERMINAL" value="true" />
    <option name="EXECUTE_SCRIPT_FILE" value="true" />
    <envs>
      <env name="DEBUG" value="true" />
    </envs>
    <method v="2" />
  </configuration>
</component>